<?xml version="1.0" encoding="UTF-8" standalone="yes"?>
<addon id="repository.harrelld" name="harrelld REPO" version="1.0" provider-name="harrelld">
	<extension point="xbmc.addon.repository" name="harrelld Addon Repository">
		<info compressed="false">http://github.com/propagandhi/harrelld/raw/master/addons.xml</info>
		<checksum>http://github.com/propagandhi/harrelld/raw/master/addons.xml.md5</checksum>
		<datadir zip="true">http://github.com/propagandhi/harrelld/raw/master/zips</datadir>
	</extension>
	<extension point="xbmc.addon.metadata">
		<summary>Install MY Addons</summary>
		<description>Download and install addons from propagandhi.......For OFFICIAL !! Support Visit tvaddons.ag</description>
		<platform>all</platform>
	</extension>
</addon>

