﻿<?xml version="1.0" encoding="UTF-8" standalone="yes"?>
<addon id="plugin.video.climbthewall" name="Climb The Wall" version="1.0.0" provider-name="Climb The Wall">
  <requires>
    <import addon="xbmc.python" version="2.1.0"/>
  </requires>
  <extension point="xbmc.python.pluginsource" library="addon.py">
    <provides>video</provides>
  </extension>
  <extension point="xbmc.addon.metadata">
    <summary lang="en">Watch a live stream of Climb The Wall events</summary>
    <description lang="en">Watch the live stream from Sabbath Bible Studies and other events.</description>
    <disclaimer lang="en"></disclaimer>
    <language>en</language>
    <platform>all</platform>
    <license>GNU GENERAL PUBLIC LICENSE Version 3, 29 June 2007</license>
    <forum></forum>
    <website></website>
    <email></email>
    <source></source>
  </extension>
</addon>